{
	"credit": "Made with Blockbench",
        "gui_light": "front",
	"textures": {
		"0": "./blaze_horn",
		"particle": "./blaze_horn"
	},
	"elements": [
		{
			"name": "bone3",
			"from": [7, 27, 12],
			"to": [9, 31, 14],
			"rotation": {"angle": -45, "axis": "x", "origin": [3, -1, 13]},
			"faces": {
				"north": {"uv": [2, 2, 4, 6], "texture": "#0"},
				"east": {"uv": [0, 2, 2, 6], "texture": "#0"},
				"south": {"uv": [6, 2, 8, 6], "texture": "#0"},
				"west": {"uv": [4, 2, 6, 6], "texture": "#0"},
				"up": {"uv": [4, 2, 2, 0], "texture": "#0"},
				"down": {"uv": [6, 0, 4, 2], "texture": "#0"}
			}
		},
		{
			"name": "bone3",
			"from": [-1.5, 27, 12],
			"to": [0.5, 31, 14],
			"rotation": {"angle": -45, "axis": "x", "origin": [4.5, -1, 13]},
			"faces": {
				"north": {"uv": [2, 8, 4, 12], "texture": "#0"},
				"east": {"uv": [0, 8, 2, 12], "texture": "#0"},
				"south": {"uv": [6, 8, 8, 12], "texture": "#0"},
				"west": {"uv": [4, 8, 6, 12], "texture": "#0"},
				"up": {"uv": [4, 8, 2, 6], "texture": "#0"},
				"down": {"uv": [6, 6, 4, 8], "texture": "#0"}
			}
		},
		{
			"name": "bone3",
			"from": [-0.5, 31, 13],
			"to": [0.5, 32, 14],
			"rotation": {"angle": -45, "axis": "x", "origin": [4.5, -1, 13]},
			"faces": {
				"north": {"uv": [9, 1, 10, 2], "texture": "#0"},
				"east": {"uv": [8, 1, 9, 2], "texture": "#0"},
				"south": {"uv": [11, 1, 12, 2], "texture": "#0"},
				"west": {"uv": [10, 1, 11, 2], "texture": "#0"},
				"up": {"uv": [10, 1, 9, 0], "texture": "#0"},
				"down": {"uv": [11, 0, 10, 1], "texture": "#0"}
			}
		},
		{
			"name": "bone3",
			"from": [7, 31, 13],
			"to": [8, 32, 14],
			"rotation": {"angle": -45, "axis": "x", "origin": [3, -1, 13]},
			"faces": {
				"north": {"uv": [9, 3, 10, 4], "texture": "#0"},
				"east": {"uv": [8, 3, 9, 4], "texture": "#0"},
				"south": {"uv": [11, 3, 12, 4], "texture": "#0"},
				"west": {"uv": [10, 3, 11, 4], "texture": "#0"},
				"up": {"uv": [10, 3, 9, 2], "texture": "#0"},
				"down": {"uv": [11, 2, 10, 3], "texture": "#0"}
			}
		}
	],
	"display": {
		"thirdperson_righthand": {
			"rotation": [52.75, 0, 0],
			"translation": [2.25, -9.75, 0],
			"scale": [0.5, 0.5, 0.5]
		},
		"thirdperson_lefthand": {
			"rotation": [107.75, 0, 0],
			"translation": [-2, -5.75, -7.75],
			"scale": [0.5, 0.5, 0.5]
		},
		"firstperson_righthand": {
			"translation": [11, -15, 12]
		},
		"firstperson_lefthand": {
			"translation": [-0.25, -14, 14]
		},
		"ground": {
			"translation": [3.5, -13.25, 14.25]
		},
		"gui": {
			"rotation": [112.47, -4.13, -137.43],
			"translation": [-18.75, -25, 0],
			"scale": [1.5, 1.5, 1.5]
		},
		"head": {
			"translation": [8.5, -18, 29.25],
			"scale": [2, 2, 2]
		},
		"fixed": {
			"translation": [8.5, -19.5, 32],
			"scale": [2, 2, 2]
		}
	},
	"groups": [
		{
			"name": "group",
			"origin": [8, 8, 8],
			"color": 0,
			"children": [0, 1, 2, 3]
		}
	]
}